{"cameraMode":{"drawMode":0,"name":"Shaded","section":"Shading Mode"},"sceneLighting":true,"audioPlay":false,"sceneViewState":{"m_AlwaysRefresh":false,"showFog":true,"showSkybox":true,"showFlares":true,"showImageEffects":true,"showParticleSystems":true,"showVisualEffectGraphs":true,"m_FxEnabled":true},"in2DMode":false,"pivot":{"x":-1.6158795356750489,"y":16.403379440307618,"z":38.00132751464844},"rotation":{"x":-0.19311511516571046,"y":0.0876227468252182,"z":-0.016724949702620508,"w":-0.9773896932601929},"size":21.48673439025879,"orthographic":false}