{"cameraMode":{"drawMode":0,"name":"Shaded","section":"Shading Mode"},"sceneLighting":false,"audioPlay":false,"sceneViewState":{"m_AlwaysRefresh":false,"showFog":true,"showSkybox":false,"showFlares":true,"showImageEffects":true,"showParticleSystems":true,"showVisualEffectGraphs":true,"m_FxEnabled":true},"in2DMode":false,"pivot":{"x":0.026241302490234376,"y":0.17791494727134705,"z":-0.08560752868652344},"rotation":{"x":-0.28478190302848818,"y":0.20445272326469422,"z":-0.06230948865413666,"w":-0.9344736933708191},"size":21.37246322631836,"orthographic":false}