{"cameraMode":{"drawMode":0,"name":"Shaded","section":"Shading Mode"},"sceneLighting":false,"audioPlay":false,"sceneViewState":{"m_AlwaysRefresh":false,"showFog":true,"showSkybox":false,"showFlares":true,"showImageEffects":true,"showParticleSystems":true,"showVisualEffectGraphs":true,"m_FxEnabled":true},"in2DMode":false,"pivot":{"x":-0.04420161247253418,"y":0.6161308288574219,"z":1.1927460432052613},"rotation":{"x":-0.22791075706481934,"y":-0.4691532552242279,"z":0.12717770040035249,"w":-0.8438231945037842},"size":2.242455244064331,"orthographic":false}